<?xml version="1.0" encoding="UTF-8" standalone="yes"?>
<addon id="repository.lusd" name="LUSD Repo" version="27.9.8" provider-name="W-LUSD">
	<extension point="xbmc.addon.repository" name="LUSD Repo">
    <dir>
        <info compressed="false">https://raw.githubusercontent.com/LUSD1/repository.lusd/master/addons.xml</info>
        <checksum>https://raw.githubusercontent.com/LUSD1/repository.lusd/master/addon.xml.md5</checksum>
        <datadir zip="true">https://raw.githubusercontent.com/LUSD1/repository.lusd/master/</datadir>
    </dir>
    <dir>
        <info compressed="false">https://raw.githubusercontent.com/LUSD1/zips/master/addons.xml</info>
		<checksum>https://raw.githubusercontent.com/LUSD1/zips/master/addons.xml.md5</checksum>
		<datadir zip="true">https://raw.githubusercontent.com/LUSD1/zips/master/</datadir>
	</dir>
    <dir>
        <info compressed="false">https://raw.githubusercontent.com/LUSD1/repository.openscrapers/master/zips/addons.xml</info>
        <checksum>https://raw.githubusercontent.com/LUSD1/repository.openscrapers/master/zips/addons.xml.md5</checksum>
        <datadir zip="true">https://raw.githubusercontent.com/LUSD1/repository.openscrapers/master/zips/</datadir>
    </dir>
    </extension>
	<extension point="xbmc.addon.metadata">
		<summary lang="en">LUSD Repo is a educational add-on. We do not host any of the contents streamed.</summary>
		<description lang="en"></description>
		<platform>all</platform>
	</extension>
</addon>
